Name,Sentence,Sentence_Category,Compound_Score,Sentiment_Result
University of Malaya Medical Centre,admitted emergency ward,Hospital,-0.296,Neutral
University of Malaya Medical Centre,"staff friendly & helpful, aside transferred different ward multiple times, helped, wa given top-quality care",Hospital,0.8481,Positive
University of Malaya Medical Centre,maintenance toilet could improved though,Hospital,0.4767,Positive
University of Malaya Medical Centre,"thought public hospital inferior private one safely say ummc's case so, least experience",Hospital,0.128,Neutral
University of Malaya Medical Centre,dr rajwin frm public health department helpful friendly,Doctor,0.7184,Positive
University of Malaya Medical Centre,"happy went hospital today doctor nice friendly best hospital far malaysia, continue using bcos feel better now, god bless doctor keep safe, enjoy emergency treatment yesterday best  one pj",Doctor,0.9825,Positive
University of Malaya Medical Centre,fresh squeezed orange juice menara selatan & emergency,Hospital,-0.0772,Neutral
University of Malaya Medical Centre,rm6 per cup 4-5 orange,Hospital,0.0,Neutral
University of Malaya Medical Centre,good hospital,Hospital,0.4404,Positive
University of Malaya Medical Centre,price reasonable,Hospital,0.0,Neutral
University of Malaya Medical Centre,"pandemic time certain thing need patient know appointment time follow simple step requirement order make smooth journey,, adhere safety others around",Hospital,0.5994,Positive
University of Malaya Medical Centre,i've ppum ha produced many good psychiatrist,Hospital,0.6486,Positive
University of Malaya Medical Centre,university malaya train medical student practice learn job hospital complex officially called ppum,Hospital,0.0,Neutral
University of Malaya Medical Centre,kind doctor nurse,Doctor,0.5267,Positive
University of Malaya Medical Centre,"like crazy dorang service, staff & doctor psychology clinic, like crazy",Doctor,0.0516,Neutral
University of Malaya Medical Centre,"5 star anymore, thousand star hahahaha, plaque vaccine place awesome, drg service, feel like i'm treated like princess i'm talking patient, i'm talking long time, hahaha, met today, love",Doctor,0.9509,Positive
University of Malaya Medical Centre,deliver baby 07 july 2021 @ 0726hrs,Hospital,0.0,Neutral
University of Malaya Medical Centre,thanks doctor & nurse  great service,Doctor,0.7906,Positive
University of Malaya Medical Centre,transfusion centre blood bank,Hospital,0.0,Neutral
University of Malaya Medical Centre,"shown exemplary dedication care patient, really care tried best father wa warded stage 4 covid recovery",Hospital,0.8971,Positive
University of Malaya Medical Centre,brought son first time due emergency condition,Hospital,-0.3818,Negative
University of Malaya Medical Centre,"surprised learn ummc emergency pediatric department children, making unique hospital",Doctor,-0.1779,Neutral
University of Malaya Medical Centre,"parking wa convenient, behind emergency department",Hospital,-0.3818,Negative
University of Malaya Medical Centre,ample space charge reasonable rm2 per hour day,Hospital,0.0,Neutral
University of Malaya Medical Centre,"cafe canteen first floor clean provided variety food, including fruit snack",Hospital,0.4019,Positive
University of Malaya Medical Centre,reasonably tasty fair price,Hospital,0.3182,Positive
University of Malaya Medical Centre,comparatively better many government hospital,Hospital,0.4404,Positive
University of Malaya Medical Centre,"nurses doctor friendly, patient children, fast react",Doctor,0.4939,Positive
University of Malaya Medical Centre,"completed urine test, ultrasound x-ray son efficiently",Hospital,0.4019,Positive
University of Malaya Medical Centre,doctor gave explained prescription detail timely manner,Doctor,0.0,Neutral
University of Malaya Medical Centre,generally pleasant experience beyond would expected government hospital,Hospital,0.5106,Positive
University of Malaya Medical Centre,hospital actually quite old already well maintained constant refurbishment,Hospital,0.3321,Positive
University of Malaya Medical Centre,"personal observation, ha updated advanced facility medical equipment find private hospital also pay much lesser cost",Hospital,0.4588,Positive
University of Malaya Medical Centre,thank nurse amazing job going extra mile providing exceptional care,Hospital,0.8591,Positive
University of Malaya Medical Centre,'all nursing staff looked exceptional,Hospital,0.0,Neutral
University of Malaya Medical Centre,"looked literally every need, physical emotional",Hospital,0.1531,Neutral
University of Malaya Medical Centre,forget,Hospital,-0.2263,Neutral
University of Malaya Medical Centre,1,Hospital,0.0,Neutral
University of Malaya Medical Centre,doctor gave explanation clear,Doctor,0.3818,Positive
University of Malaya Medical Centre,probably take time patient explain make sure patient understand go back clear mind,Hospital,0.5994,Positive
University of Malaya Medical Centre,price affordable,Hospital,0.0,Neutral
University of Malaya Medical Centre,service excellent,Hospital,0.5719,Positive
University of Malaya Medical Centre,pandemic disaster centre,Hospital,-0.6249,Negative
University of Malaya Medical Centre,good service,Hospital,0.4404,Positive
University of Malaya Medical Centre,comfortable environment,Hospital,0.5106,Positive
University of Malaya Medical Centre,"good hospital, lot facility",Hospital,0.4404,Positive
University of Malaya Medical Centre,admit aunt 14,Hospital,0.2023,Neutral
University of Malaya Medical Centre,7,Hospital,0.0,Neutral
University of Malaya Medical Centre,"21, salute frotliners emergency ward 6u",Hospital,-0.3818,Negative
University of Malaya Medical Centre,thank heroic action saving life,Hospital,0.7269,Positive
University of Malaya Medical Centre,"love you, frontliners",Hospital,0.6369,Positive
University of Malaya Medical Centre,expressing gratitude appreciation nurse icu palliative unit taking care late mother year 2008,Hospital,0.8689,Positive
University of Malaya Medical Centre,wa diagnosed final stage colon cancer,Hospital,-0.6597,Negative
University of Malaya Medical Centre,"however, found young doctor in-experienced uncaring",Doctor,0.0,Neutral
University of Malaya Medical Centre,later found one young male doctor wa counselling late father (age 70+) wa accompanying late mother child around,Doctor,0.0,Neutral
University of Malaya Medical Centre,liaised another young lady doctor wa impatient could accept condition late mother,Doctor,0.1027,Neutral
University of Malaya Medical Centre,subject study experiment,Hospital,0.0,Neutral
University of Malaya Medical Centre,"please stop without getting consent family member especially adult children, patient aged parent",Doctor,-0.1446,Neutral
University of Malaya Medical Centre,"say, best doctor malaysia congregated",Doctor,0.6369,Positive
University of Malaya Medical Centre,true,Hospital,0.4215,Positive
University of Malaya Medical Centre,"however, hospital lack modernity term proper signage, proper walkable aisle overall ambience",Hospital,-0.3182,Negative
University of Malaya Medical Centre,staffs impatient,Hospital,-0.296,Neutral
University of Malaya Medical Centre,wanted get appointment see geriatrician,Hospital,0.0,Neutral
University of Malaya Medical Centre,came morning asked come afternoon,Hospital,0.0,Neutral
University of Malaya Medical Centre,reached clinic 2,Hospital,0.1027,Neutral
University of Malaya Medical Centre,50pm referral letter suppose read doctor decide date appointment,Doctor,0.0,Neutral
University of Malaya Medical Centre,"waited 1 hour, still waiting",Hospital,0.0,Neutral
University of Malaya Medical Centre,bad experience ppum emergency gynocologist,Hospital,-0.7269,Negative
University of Malaya Medical Centre,end last month went ppum excessive bleeding,Hospital,0.0,Neutral
University of Malaya Medical Centre,gynocologist checking wa passed emergency gynocologist,Hospital,-0.3818,Negative
University of Malaya Medical Centre,doctor wa going kill almost wa vagainal swab test,Doctor,-0.6908,Negative
University of Malaya Medical Centre,wa like vagainal baby delivery,Hospital,0.3612,Positive
University of Malaya Medical Centre,indian malaysian lady doctor open vagaina like easily baby come,Doctor,0.5994,Positive
University of Malaya Medical Centre,wa screaming around 1 hour,Hospital,-0.3818,Negative
University of Malaya Medical Centre,wa moving machine like heart beat stop,Hospital,0.0772,Neutral
University of Malaya Medical Centre,like swab test time,Hospital,0.3612,Positive
University of Malaya Medical Centre,experience,Hospital,0.0,Neutral
University of Malaya Medical Centre,3,Hospital,0.0,Neutral
University of Malaya Medical Centre,normal baby delivery,Hospital,0.0,Neutral
University of Malaya Medical Centre,better experience,Hospital,0.4404,Positive
University of Malaya Medical Centre,wa wa 1000% worse normal vaginal delivery,Hospital,-0.4767,Negative
University of Malaya Medical Centre,"wa taking instrument vagaina, almost take vagainal flesh",Hospital,0.0,Neutral
University of Malaya Medical Centre,never forget day stupid dr death,Doctor,-0.1174,Neutral
University of Malaya Medical Centre,forget name,Hospital,-0.2263,Neutral
University of Malaya Medical Centre,remember write name,Hospital,0.0,Neutral
University of Malaya Medical Centre,requesting ppum management please monitor issue patient,Hospital,0.3182,Positive
University of Malaya Medical Centre,thanks,Hospital,0.4404,Positive
University of Malaya Medical Centre,refund procedure reviewed,Hospital,0.0,Neutral
University of Malaya Medical Centre,"appointment cancelled within 7 days, customer ha come back week's time get refund",Hospital,0.1027,Neutral
University of Malaya Medical Centre,what's pressing refund window,Hospital,0.0,Neutral
University of Malaya Medical Centre,1) open 11am-4pm,Hospital,0.0,Neutral
University of Malaya Medical Centre,2) lunchtime closed= 1pm-2pm,Hospital,0.0,Neutral
University of Malaya Medical Centre,effectively 4 hour operation,Hospital,0.4404,Positive
University of Malaya Medical Centre,can't open 8am 4pm,Hospital,0.0,Neutral
University of Malaya Medical Centre,can't 4 counter staff staggered lunch service throughout day,Hospital,0.0,Neutral
University of Malaya Medical Centre,"go ophthalmology clinic 9 am, see doctor 2 am, patient",Doctor,0.0,Neutral
University of Malaya Medical Centre,least allow people feed patient waiting room,Hospital,-0.1695,Neutral
University of Malaya Medical Centre,came 6pm still awaiting room,Hospital,0.0,Neutral
University of Malaya Medical Centre,sure take time room,Hospital,0.3182,Positive
University of Malaya Medical Centre,understand sop covid-19 granny weak n eat,Hospital,-0.4404,Negative
University of Malaya Medical Centre,guard allow u bring food,Hospital,0.2263,Neutral
University of Malaya Medical Centre,said wait doctor called,Doctor,0.0,Neutral
University of Malaya Medical Centre,"seriously doctor going come 2pm, that's long granny would stay put without eating",Doctor,-0.1779,Neutral
University of Malaya Medical Centre,waited room 13 hour still waiting,Hospital,0.0,Neutral
University of Malaya Medical Centre,"doctor okay, nurse too, wait time terribly long",Doctor,-0.4019,Negative
University of Malaya Medical Centre,never understand need wait doctor hour patient could afford luxury,Doctor,0.0,Neutral
University of Malaya Medical Centre,sudah bagi tau pening kepala macam nak pengsan,Hospital,0.0,Neutral
University of Malaya Medical Centre,lagi suruh saya beratur tanpa kerusi,Hospital,0.0,Neutral
University of Malaya Medical Centre,tunggu lebih kurang 40min,Hospital,0.0,Neutral
University of Malaya Medical Centre,"itu time keep sabar, nasib baik lagi boleh tahan",Hospital,0.0,Neutral
University of Malaya Medical Centre,come man,Hospital,0.0,Neutral
University of Malaya Medical Centre,wife ha wait 10 hour (11 am-9pm) non-critical zone set ward room,Hospital,0.34,Positive
University of Malaya Medical Centre,10 hour think willing wait,Hospital,0.0,Neutral
University of Malaya Medical Centre,service staff doctor unprofessional,Doctor,-0.5106,Negative
University of Malaya Medical Centre,"pray change better future blessed clean halal sustenance, amen ya rabb",Hospital,0.8957,Positive
University of Malaya Medical Centre,"irresponsible nurse doctor, simple question cant answer wasting time take forever wait",Doctor,-0.1635,Neutral
University of Malaya Medical Centre,would give negative start possible,Hospital,-0.5719,Negative
University of Malaya Medical Centre,rude staff,Hospital,-0.4588,Negative
University of Malaya Medical Centre,updte patient status,Hospital,0.0,Neutral
University of Malaya Medical Centre,due covid,Hospital,0.0,Neutral
University of Malaya Medical Centre,"walkin counter ask patient progress, response",Hospital,0.4215,Positive
University of Malaya Medical Centre,ask u go r1 room,Hospital,0.0,Neutral
University of Malaya Medical Centre,n alrdy ask nurse also response,Hospital,0.0,Neutral
University of Malaya Medical Centre,"answer""we got many emergncy case here""",Hospital,0.0,Neutral
University of Malaya Medical Centre,"wa call careline ask regarding patient status, answer u need walkin ask doc ur self hangup call",Hospital,0.0,Neutral
University of Malaya Medical Centre,tht u treat ur cust,Hospital,0.4019,Positive
University of Malaya Medical Centre,else n wanna know patient status n progress,Hospital,0.4215,Positive
University of Malaya Medical Centre,tht patient die rdy u call fmly,Hospital,-0.5994,Negative
University of Malaya Medical Centre,please upgrade ur service,Hospital,0.3182,Positive
University of Malaya Medical Centre,rude emergncy staff,Hospital,-0.4588,Negative
University of Malaya Medical Centre,atleast u updte ur frontdesk counter tht ask patient status,Hospital,0.0,Neutral
University of Malaya Medical Centre,frontdesk also dunno anything,Hospital,0.0,Neutral
University of Malaya Medical Centre,zero,Hospital,0.0,Neutral
University of Malaya Medical Centre,"dad ha observation ward past 30 hours, food provided",Hospital,0.34,Positive
University of Malaya Medical Centre,"nurse can’t advise bed available, one help provide food patient even u pay",Hospital,0.3182,Positive
University of Malaya Medical Centre,hospital,Hospital,0.0,Neutral
University of Malaya Medical Centre,"semi private , seriously",Hospital,-0.1779,Neutral
University of Malaya Medical Centre,never send love one,Hospital,-0.5216,Negative
University of Malaya Medical Centre,called ppum ask procedure see doctor ankle issue,Doctor,0.0,Neutral
University of Malaya Medical Centre,staff told come ppum 7:30am registration first time coming ppum,Hospital,0.0,Neutral
University of Malaya Medical Centre,"late 30 minute (after 8am), go back",Hospital,0.0,Neutral
University of Malaya Medical Centre,staff also mentioned lot patient,Hospital,0.0,Neutral
University of Malaya Medical Centre,"honestly, problem many patients, paid tax every year, service get",Hospital,0.0772,Neutral
University of Malaya Medical Centre,"suruh bayar cukai punyelah gila smpi hantar surat mahkamah bagai, health problem, one seems care",Hospital,0.128,Neutral
University of Malaya Medical Centre,asking people come 7:30am feel like hospital doe put effort serve rakyat,Hospital,0.3612,Positive
University of Malaya Medical Centre,think everybody free 7:30am think ppl earth busy,Hospital,0.5106,Positive
University of Malaya Medical Centre,"again, know paying rm20k tax every year",Hospital,0.0,Neutral
University of Malaya Medical Centre,2 bulan di ppum doc masih x confirm ank sakit apa,Hospital,0.0,Neutral
University of Malaya Medical Centre,doc sombong terutama prof,Hospital,0.0,Neutral
University of Malaya Medical Centre,"(respi), staf suka bergosip fasal pesakit",Hospital,0.0,Neutral
University of Malaya Medical Centre,semua negatif thinking xde pon yg bg support pd peskit,Hospital,0.4019,Positive
University of Malaya Medical Centre,byk buat test tp result xpenah bgtau pada parent,Hospital,0.0,Neutral
University of Malaya Medical Centre,dah x tahan aku discharge dengan bill 25k tp xtau anak aku sakit ape sebenarny,Hospital,0.0,Neutral
University of Malaya Medical Centre,sgt mengecewakan,Hospital,0.0,Neutral
University of Malaya Medical Centre,visited emergency pregnant wife cramp abdomen area,Hospital,-0.5267,Negative
University of Malaya Medical Centre,cramp longed 1 hour,Hospital,-0.2023,Neutral
University of Malaya Medical Centre,emergency triage asked u go klinik wanita dan kanak-kanak,Hospital,-0.3818,Negative
University of Malaya Medical Centre,asked around register check ended like ping pong ball,Hospital,0.3612,Positive
University of Malaya Medical Centre,stopped 3rd floor maternity ward instead,Hospital,-0.2263,Neutral
University of Malaya Medical Centre,"eventhough nurse answered u politely dont take walk patient asked u go 'government hospital' instead, still frustrated whole flow ppum",Hospital,-0.5267,Negative
University of Malaya Medical Centre,"wife wa excruciating pain due cramp them, immediate attention given wa treated like nothing",Hospital,-0.7845,Negative
University of Malaya Medical Centre,"one come pain energy ask around go,",Hospital,-0.296,Neutral
University of Malaya Medical Centre,came emergency,Hospital,-0.3818,Negative
University of Malaya Medical Centre,see dangerous flow system one day might take one's life,Hospital,-0.4767,Negative
University of Malaya Medical Centre,hope attention given need,Hospital,0.4404,Positive
University of Malaya Medical Centre,kayangan vip asking treated likewise,Hospital,0.5106,Positive
University of Malaya Medical Centre,mere person pain panic knowing nothing,Hospital,-0.765,Negative
University of Malaya Medical Centre,hospital regardless status seek remediation calm,Hospital,0.3182,Positive
University of Malaya Medical Centre,hoping better service insyaallah,Hospital,0.6908,Positive
University of Malaya Medical Centre,thank staff politely answered question,Hospital,0.3612,Positive
University of Malaya Medical Centre,"blaming you, system instead need change",Hospital,-0.4939,Negative
University of Malaya Medical Centre,"nurse ate blind salary, told stay outside hour, apparently talking",Hospital,-0.4019,Negative
University of Malaya Medical Centre,"i'm moldy, that's one thing",Hospital,0.0,Neutral
University of Malaya Medical Centre,"patient came dh bape kali, check la history system",Hospital,0.0,Neutral
University of Malaya Medical Centre,"doc asked hurts,",Hospital,-0.4767,Negative
University of Malaya Medical Centre,father,Hospital,0.0,Neutral
University of Malaya Medical Centre,waste time,Hospital,-0.4215,Negative
University of Malaya Medical Centre,doctors handling patient rude,Doctor,-0.4588,Negative
University of Malaya Medical Centre,willing listen actual problem giving simple solution,Hospital,0.25,Neutral
University of Malaya Medical Centre,"really concern bout patient, want make money",Hospital,0.0772,Neutral
University of Malaya Medical Centre,professional,Hospital,0.0,Neutral
University of Malaya Medical Centre,thinking patient slave,Hospital,0.0,Neutral
University of Malaya Medical Centre,respect talk also,Hospital,0.4767,Positive
University of Malaya Medical Centre,shame doctor like,Doctor,-0.1531,Neutral
University of Malaya Medical Centre,given one star post comment,Hospital,0.0,Neutral
University of Malaya Medical Centre,doctors nephro department handling kid rude,Doctor,-0.4588,Negative
University of Malaya Medical Centre,know talk talk front kid,Hospital,0.0,Neutral
University of Malaya Medical Centre,willing listen children's actual problem giving simple solution,Doctor,0.25,Neutral
University of Malaya Medical Centre,"really concern bout patient, want make money",Hospital,0.0772,Neutral
University of Malaya Medical Centre,professional,Hospital,0.0,Neutral
University of Malaya Medical Centre,thinking parent slave,Hospital,0.0,Neutral
University of Malaya Medical Centre,respect talk also,Hospital,0.4767,Positive
University of Malaya Medical Centre,malaysia shame doctor like,Doctor,-0.1531,Neutral
University of Malaya Medical Centre,surgical ward nurses needs proper mannerism dealing patient immobile,Hospital,0.0,Neutral
University of Malaya Medical Centre,ha sometime since came ur medical center,Hospital,0.34,Positive
University of Malaya Medical Centre,decided leave review,Hospital,-0.0516,Neutral
University of Malaya Medical Centre,u rude nurse named ranjit kaur barriar,Hospital,-0.4588,Negative
University of Malaya Medical Centre,disgusting uncaring,Hospital,-0.5267,Negative
University of Malaya Medical Centre,cursing patient,Hospital,0.0,Neutral
University of Malaya Medical Centre,shame,Hospital,-0.4767,Negative
University of Malaya Medical Centre,medical line,Hospital,0.0,Neutral
University of Malaya Medical Centre,"u value life loved ones, avoid sending here, coz staff doctor obviously value life patient",Doctor,0.7579,Positive
University of Malaya Medical Centre,slow,Hospital,0.0,Neutral
University of Malaya Medical Centre,sistem nombor menunggu teruk,Hospital,0.0,Neutral
University of Malaya Medical Centre,dan sering tersesat kerana signage yang tak membantu,Hospital,0.0,Neutral
University of Malaya Medical Centre,bad service,Hospital,-0.5423,Negative
University of Malaya Medical Centre,nurse care patient stroke,Hospital,0.4939,Positive
University of Malaya Medical Centre,"know can't walk, expect patient walk",Hospital,0.0,Neutral
University of Malaya Medical Centre,falling worse,Hospital,-0.5719,Negative
University of Malaya Medical Centre,bed full urine,Hospital,0.0,Neutral
University of Malaya Medical Centre,dirty change,Hospital,-0.4404,Negative
University of Malaya Medical Centre,people want pray,Hospital,0.3818,Positive
University of Malaya Medical Centre,please think,Hospital,0.3182,Positive
University of Malaya Medical Centre,nurse afraid sworn patient,Hospital,0.0,Neutral
University of Malaya Medical Centre,payment expensive anymore,Hospital,0.0,Neutral
University of Malaya Medical Centre,really disappointed,Hospital,-0.5256,Negative
University of Malaya Medical Centre,come hospital,Hospital,0.0,Neutral
University of Malaya Medical Centre,bad bad bad bad,Hospital,-0.9325,Negative
University of Malaya Medical Centre,rude,Hospital,-0.4588,Negative
University of Malaya Medical Centre,"went emergency room wa bounced around different counter zero assistance guy counter wa phone rudely asked go somewhere else talk another staff also seem know even ask need help with, dad who's verge fainting waiting",Hospital,-0.4767,Negative
University of Malaya Medical Centre,worst medical center ever,Hospital,-0.6249,Negative
University of Malaya Medical Centre,doctor kept father emergency ward without treatment wa hypertension 11 1am candidly asked take home,Doctor,-0.3818,Negative
University of Malaya Medical Centre,bp wa still showing 194/94 time,Hospital,0.0,Neutral
University of Malaya Medical Centre,tell reason spike bp could explain nothing wa done manage bp since morning,Hospital,0.0,Neutral
University of Malaya Medical Centre,doctor said started shift 11 pm know previous doctor,Doctor,0.0,Neutral
University of Malaya Medical Centre,"pushed asking hospital take responsibility anything untoward wa happen father, simply answered bp 194/94 reason ward father bed",Hospital,0.0,Neutral
University of Malaya Medical Centre,2 hour ago informed warded,Hospital,0.0,Neutral
University of Malaya Medical Centre,switched flash,Hospital,0.0,Neutral
University of Malaya Medical Centre,doctor went saying admit father insisted concern admit,Doctor,0.3818,Positive
University of Malaya Medical Centre,wa appalled disgusted response,Hospital,-0.7506,Negative
University of Malaya Medical Centre,"father diabetic, amputee, undergone angiogram medical centre 3 stem also suffers hypertension",Hospital,-0.4767,Negative
University of Malaya Medical Centre,government pensioner going ppum life,Hospital,0.0,Neutral
University of Malaya Medical Centre,shame ppum,Hospital,-0.4767,Negative
University of Malaya Medical Centre,wrote numerous complaint ppum ha response,Hospital,0.0516,Neutral
University of Malaya Medical Centre,please avoid hospital cost,Hospital,0.0258,Neutral
University of Malaya Medical Centre,care patient's suffering life,Hospital,0.0258,Neutral
University of Malaya Medical Centre,would even given sad reason health facility 1star minimum leave review,Hospital,-0.5106,Negative
University of Malaya Medical Centre,avoid place please,Hospital,0.0258,Neutral
University of Malaya Medical Centre,"unless need see specialist, get specific medication/treatment, come",Hospital,0.0,Neutral
University of Malaya Medical Centre,"want money cunning way get you, even time everyone struggling due covid",Hospital,-0.3612,Negative
Sunway Medical Centre,go 3rd booster jab 4th floor tower,Hospital,0.0,Neutral
Sunway Medical Centre,easy find,Hospital,0.4404,Positive
Sunway Medical Centre,morning bit jam come early,Hospital,0.0,Neutral
Sunway Medical Centre,**excellent facility services**,Hospital,0.0,Neutral
Sunway Medical Centre,surroundings atmosphere around hospital wa excellent,Hospital,0.5719,Positive
Sunway Medical Centre,spacious comfortable elder,Hospital,0.5106,Positive
Sunway Medical Centre,i‘ve bringing parent annual checkup decade,Hospital,0.0,Neutral
Sunway Medical Centre,even uneducated senior citizen also need worry,Hospital,-0.4404,Negative
Sunway Medical Centre,nice assistance ha providing health check team,Hospital,0.6369,Positive
Sunway Medical Centre,nice hospitalization,Hospital,0.4215,Positive
Sunway Medical Centre,service provided ha excellent,Hospital,0.7269,Positive
Sunway Medical Centre,would like extend gratitude & appreciation ms joanne dr ravi's clinic excellent service moment mother wa hospital till complete treatment,Doctor,0.926,Positive
Sunway Medical Centre,excellent,Hospital,0.5719,Positive
Sunway Medical Centre,keep good service job,Hospital,0.4404,Positive
Sunway Medical Centre,tqvm dr & staff good job,Doctor,0.4404,Positive
Sunway Medical Centre,excellent customer service friendly staff nuclear medicine centre,Hospital,0.7845,Positive
Sunway Medical Centre,helpful time first time,Hospital,0.4215,Positive
Sunway Medical Centre,would definitely recommend get nuclear medicine service,Hospital,0.6369,Positive
Sunway Medical Centre,sunway medical centre deserves 6 star,Hospital,0.0,Neutral
Sunway Medical Centre,"professionalism, empathy, care attention detail astounding",Hospital,0.7184,Positive
Sunway Medical Centre,dato tikfu gee team took time carefully explain condition & operative procedure,Hospital,0.128,Neutral
Sunway Medical Centre,nurse 4d ward taken care well operation,Hospital,0.6486,Positive
Sunway Medical Centre,lastly want shout mr,Hospital,0.0772,Neutral
Sunway Medical Centre,"khairil anwar, deserve gold medal",Hospital,0.4767,Positive
Sunway Medical Centre,let's picture speak,Hospital,0.0,Neutral
Sunway Medical Centre,sorry made tummy hungry,Hospital,-0.0772,Neutral
Sunway Medical Centre,"i've customer 13years, would like say food improves much compare past year",Hospital,0.6486,Positive
Sunway Medical Centre,keep,Hospital,0.0,Neutral
Sunway Medical Centre,world class medical centre focus medical tourism international patient,Hospital,0.0,Neutral
Sunway Medical Centre,many medical specialist also renowned researcher medical field,Hospital,0.0,Neutral
Sunway Medical Centre,well appointed hospital boast many cutting edge therapeutic medical technology diagnostic purpose,Hospital,0.1531,Neutral
Sunway Medical Centre,there's also four six starred hotel nearby complement hospital facility,Hospital,0.0,Neutral
Sunway Medical Centre,sincere thanks appreciation entire sunway cancer centre courteous professional treatment received,Hospital,0.7783,Positive
Sunway Medical Centre,"treatment health facility to, one best far",Hospital,0.6369,Positive
Sunway Medical Centre,"care, kindness comfort wa given wa true blessing difficult journey life",Hospital,0.9042,Positive
Sunway Medical Centre,one word describe entire experience,Hospital,0.0,Neutral
Sunway Medical Centre,lost,Hospital,-0.3182,Negative
Sunway Medical Centre,"arrival, wa informed smc 7am admission",Hospital,0.0,Neutral
Sunway Medical Centre,"arrived, went covid tent staff need check result negative letting",Hospital,-0.5719,Negative
Sunway Medical Centre,unfortunately nobody bothered check & wa redirected emergency actual admission counter yet open,Hospital,-0.743,Negative
Sunway Medical Centre,"got emergency, didn’t even notice booth get number go counter ask staff attended",Hospital,-0.3182,Negative
Sunway Medical Centre,"admin checked form, wa redirected different floor admission",Hospital,0.0,Neutral
Sunway Medical Centre,"made way , signage prominent managed find way daycare admission counter",Hospital,0.3182,Positive
Sunway Medical Centre,paperwork went smoothly however wa informed wa going receive room shared ward,Hospital,0.34,Positive
Sunway Medical Centre,"again, wa caught surprise wa ushered communal ward without knowing get choose private room necessity share ward many folk covid",Hospital,0.5106,Positive
Sunway Medical Centre,want delay process hence went along arrangement would good staff keep informed arrangement,Hospital,0.2263,Neutral
Sunway Medical Centre,"nurse showed bed space, walked away without informing next step",Hospital,0.0,Neutral
Sunway Medical Centre,wa waiting knowing process surgery,Hospital,0.0,Neutral
Sunway Medical Centre,good half hour passed nurse attended take gp left gown drawer,Doctor,0.4404,Positive
Sunway Medical Centre,also ask place could keep valuable,Hospital,0.4767,Positive
Sunway Medical Centre,nurse mentioned locker,Hospital,0.0,Neutral
Sunway Medical Centre,shouldn’t part sop inform patient,Hospital,0.0,Neutral
Sunway Medical Centre,"wa change gown, two wa mention two given",Hospital,0.0,Neutral
Sunway Medical Centre,"again, walk counter ask what’s difference size",Hospital,0.0,Neutral
Sunway Medical Centre,turns intent wa put longer gown instead short one,Hospital,0.0,Neutral
Sunway Medical Centre,however given gown size change,Hospital,0.0,Neutral
Sunway Medical Centre,"finally, wa time wheeled op theatre went different floor",Hospital,0.0,Neutral
Sunway Medical Centre,"arrived, staff wa attentive checked detail multiple time avoid error",Hospital,-0.5994,Negative
Sunway Medical Centre,surgery time wa getting closer nobody wheeled op theatre,Hospital,0.0,Neutral
Sunway Medical Centre,"long wait, took competent doctor attended earlier (anaesthetist dr tan - thank you) direct nurse bring room immediately",Doctor,0.5859,Positive
Sunway Medical Centre,point everyone wa scrambling,Hospital,0.0,Neutral
Sunway Medical Centre,"finally, surgeon arrived surgery wa performed successfully",Hospital,0.4939,Positive
Sunway Medical Centre,"however, wa wheeled back ward wa left alone knowing next step",Hospital,-0.25,Neutral
Sunway Medical Centre,sop staff informs patient nurse wa going come back minute check least place buzzer near buzz require assistance,Hospital,0.0,Neutral
Sunway Medical Centre,finally wa time go home nurse wa diligent getting wheelchair service,Hospital,0.0,Neutral
Sunway Medical Centre,however wa half past six service wa wheeled discharge pharmacy left payment counter,Hospital,0.0,Neutral
Sunway Medical Centre,"god’s sakes, literally surgery wa ga",Hospital,0.0,Neutral
Sunway Medical Centre,sop staff ensures wheel patient lobby instead leaving patient lurch,Hospital,0.0258,Neutral
Sunway Medical Centre,sincerely hope management look operational process better sops place,Hospital,0.836,Positive
Sunway Medical Centre,saving grace smc ha amazing doctor housed,Doctor,0.8402,Positive
Hospital Putrajaya,comfort,Hospital,0.3612,Positive
Hospital Putrajaya,good service doctor appointment,Doctor,0.4404,Positive
Hospital Putrajaya,nice n good staff,Hospital,0.6908,Positive
Hospital Putrajaya,never dissapointed ask staff question,Hospital,0.0,Neutral
Hospital Putrajaya,place really clean,Hospital,0.4576,Positive
Hospital Putrajaya,modern district hospital,Hospital,0.0,Neutral
Hospital Putrajaya,"beautiful, big best hospital government hospital",Hospital,0.8442,Positive
Hospital Putrajaya,better private hospital sure,Hospital,0.6369,Positive
Hospital Putrajaya,owh yes fpp,Hospital,0.4019,Positive
Hospital Putrajaya,service like private government hospital,Hospital,0.3612,Positive
Hospital Putrajaya,"pi google pi read, want talk hospital better glenegles, kpj",Hospital,0.4939,Positive
Hospital Putrajaya,want wife give birth stop see special hospital line,Hospital,0.2023,Neutral
Hospital Putrajaya,boss' biashe2,Hospital,0.0,Neutral
Hospital Putrajaya,excellent management managing patient,Hospital,0.5719,Positive
Hospital Putrajaya,good luck wifi,Hospital,0.7096,Positive
Hospital Putrajaya,putrajaya gov hospital,Hospital,0.0,Neutral
Hospital Putrajaya,"new parking area ha operational, limited parking problem ha successfully resolved",Hospital,0.6249,Positive
Hospital Putrajaya,syabas hospital putrajaya,Hospital,0.0,Neutral
Hospital Putrajaya,good service,Hospital,0.4404,Positive
Hospital Putrajaya,alhamdulillah,Hospital,0.0,Neutral
Hospital Putrajaya,"online service, ambulance management pick patient park cooperation given putrajaya hospital best",Hospital,0.6369,Positive
Hospital Putrajaya,credit duty 5,Hospital,0.3818,Positive
Hospital Putrajaya,30pm (saturday 7/8/2021),Hospital,0.0,Neutral
Hospital Putrajaya,officer phone polite understood situation know patient's status,Hospital,0.0,Neutral
Hospital Putrajaya,credit jgk utk girl utk btugas hr nie,Hospital,0.3818,Positive
Hospital Putrajaya,best,Hospital,0.6369,Positive
Hospital Putrajaya,doctor dan nurse memang baik,Doctor,0.0,Neutral
Hospital Putrajaya,"tapi masa ayah pergi ke emergency masuk ward hari tu kita pakai wheelchair baru sendiri, tapi masa keluar ward (3 hari lepas) wheelchair baru kita dah hilang",Hospital,-0.3818,Negative
Hospital Putrajaya,going hospital ever since 3,Hospital,0.0,Neutral
Hospital Putrajaya,", still 10/10 rating",Hospital,0.0,Neutral
Hospital Putrajaya,"doctor,nurse,staff professional understanding",Doctor,0.0,Neutral
Hospital Putrajaya,"canteen food, toilet everything well maintained",Hospital,0.2732,Neutral
Hospital Putrajaya,"friendly service,near taman equine affordable outpatient treatment cost people health insurance",Hospital,0.4939,Positive
Hospital Putrajaya,queue annoying though,Hospital,-0.4019,Negative
Hospital Putrajaya,must wait line 1-2 hour appointment place extremely crowded,Hospital,0.0,Neutral
Hospital Putrajaya,nice doctors & nurse committed job,Doctor,0.5994,Positive
Hospital Putrajaya,congratulations guy,Hospital,0.5994,Positive
Hospital Putrajaya,keep good work,Hospital,0.4404,Positive
Hospital Putrajaya,"blood bank, though",Hospital,0.0,Neutral
Hospital Putrajaya,cannot donate blood,Hospital,0.0,Neutral
Hospital Putrajaya,"putrajaya hospital shall model hospital, centre excellence class goal providing client focused quality care process excellence community participation environment conducive competent committed staff progressive mindset",Hospital,0.9545,Positive
Hospital Putrajaya,hospital provides basically secondary level care,Hospital,0.4939,Positive
Hospital Putrajaya,putrajaya hospital keeping location within multimedia super corridor managed run based total hospital information system (t,Hospital,0.5994,Positive
Hospital Putrajaya,h,Hospital,0.0,Neutral
Hospital Putrajaya,),Hospital,0.0,Neutral
Hospital Putrajaya,"wa hospital morning wife appointment, despite high no, patient various reasons, must say entire staff, including security guards, front desk receptionists, doctors, staff pharmacy r, wonderful ppl, job best can, may allah swt, bless all, send thanks gratitude entire hospital staff, keep good team spirit",Doctor,0.9744,Positive
Hospital Putrajaya,"covid season putrajaya hospital quiet, although frontlines service good, area strict waiting",Hospital,0.4404,Positive
Hospital Putrajaya,hospital putrajaya modern hospital maintains quality towards client never disappointed ask staff question awhile wa service putrajaya mrs,Hospital,0.3724,Positive
Hospital Putrajaya,still continuing appointment hospital,Hospital,0.0,Neutral
Hospital Putrajaya,"experience get job done within 2 hour registration,consultation medication hospital",Hospital,0.0,Neutral
Hospital Putrajaya,cafe specialist clinic ha variety dish clean,Hospital,0.6249,Positive
Hospital Putrajaya,"model hospital, center excellence class commited staff professional progressive mindset",Hospital,0.6249,Positive
Hospital Putrajaya,well managed run latest based (this) system,Hospital,0.2732,Neutral
Hospital Putrajaya,mrs,Hospital,0.0,Neutral
Hospital Putrajaya,ear operation lately received good professional care follow,Hospital,0.7269,Positive
Hospital Putrajaya,"putrajaya hospital modern hospital, maintained quality towards client, according involvement public excellent process within conducive environment competency; including staff giving full concentration progressive mind",Hospital,0.7269,Positive
Hospital Putrajaya,hospital ha 341 bed located putrajaya; officially the federal territory putrajaya federal administrative centre the malaysian capital,Hospital,0.34,Positive
Hospital Putrajaya,hospital give intensive care level two,Hospital,0.4939,Positive
Hospital Putrajaya,"hospital located multimedia super corridor, wa managed maintained using total hospital information system (t",Hospital,0.5994,Positive
Hospital Putrajaya,h,Hospital,0.0,Neutral
Hospital Putrajaya,),Hospital,0.0,Neutral
Hospital Putrajaya,excellent servis,Hospital,0.5719,Positive
Hospital Putrajaya,went inr,Hospital,0.0,Neutral
Hospital Putrajaya,today seems lot patient,Hospital,0.0,Neutral
Hospital Putrajaya,"wa enough seats, would stand waiting number called",Hospital,0.0772,Neutral
Hospital Putrajaya,although lot patient waiting time wa surprisingly short,Hospital,0.296,Neutral
Hospital Putrajaya,number wa called early,Hospital,0.0772,Neutral
Hospital Putrajaya,gee,Hospital,0.0,Neutral
Hospital Putrajaya,lucky,Hospital,0.4215,Positive
Hospital Putrajaya,i'd say overall service wa satisfactory,Hospital,0.3612,Positive
Hospital Putrajaya,"front liner courteous, presentable well mannered",Hospital,0.6597,Positive
Hospital Putrajaya,complaint,Hospital,-0.296,Neutral
Hospital Putrajaya,"information parking area hospital, longer free chargeable beginning 1st february, 2021",Hospital,0.5106,Positive
Hospital Putrajaya,hopefully alleviate double parking,Hospital,0.4019,Positive
Hospital Putrajaya,putrajaya hospital set appointment echocardiogram examination,Hospital,0.0,Neutral
Hospital Putrajaya,find left behind referral letter shah alam hospital home reaching putrajaya hospital,Hospital,0.2023,Neutral
Hospital Putrajaya,go ahead try luck anyway,Hospital,0.4588,Positive
Hospital Putrajaya,disappointed insists producing referral letter,Hospital,-0.4767,Negative
Hospital Putrajaya,nice putrajaya hospital could patient friendly bureaucratic procedure,Hospital,0.7184,Positive
Hospital Putrajaya,"well, procedure procedure",Hospital,0.2732,Neutral
Hospital Putrajaya,"hopefully putrajaya hospital could one day par like mayo clinic, johns hopkins hospital massachusetts general hospital",Hospital,0.6369,Positive
Hospital Putrajaya,best health care provider top 10 world,Hospital,0.8481,Positive
Hospital Putrajaya,right fair compare putrajaya hospital mayo clinic like apple apple like apple durian,Hospital,0.743,Positive
Hospital Putrajaya,wish covid 19 case disappear soon,Hospital,0.2023,Neutral
Hospital Putrajaya,additional public carpark made available,Hospital,0.0,Neutral
Hospital Putrajaya,located main junction coming hospital cancer institute,Hospital,-0.6597,Negative
Hospital Putrajaya,"note soon one day, parking may chargeable local authority",Hospital,0.0772,Neutral
Hospital Putrajaya,wait always always long staff friendly helpful (i meant staff nurse specialist clinic) wonderful peach deal,Hospital,0.8658,Positive
Hospital Putrajaya,hope keep possibly improve system betterment people malaysia,Hospital,0.7003,Positive
Hospital Putrajaya,"well, expected almost government facilities, parking also always issue",Hospital,0.2732,Neutral
Hospital Putrajaya,i'm sure even hospital staff,Hospital,0.3182,Positive
Hospital Putrajaya,"so, come driver/grab u",Doctor,0.0,Neutral
Hospital Putrajaya,help issue,Hospital,0.4019,Positive
Hospital Putrajaya,facilities service provided much better private dare say especially come endocrinology,Hospital,0.4404,Positive
Hospital Putrajaya,edit(22,Hospital,0.0,Neutral
Hospital Putrajaya,9,Hospital,0.0,Neutral
Hospital Putrajaya,2020)=new parking space ikn hospital putrajaya,Hospital,0.0,Neutral
Hospital Putrajaya,well done,Hospital,0.2732,Neutral
Hospital Putrajaya,well done,Hospital,0.2732,Neutral
Hospital Putrajaya,edit (11,Hospital,0.0,Neutral
Hospital Putrajaya,1,Hospital,0.0,Neutral
Hospital Putrajaya,2021): hospital putrajaya ha outdone,Hospital,0.34,Positive
Hospital Putrajaya,time free hotspot,Hospital,0.5106,Positive
Hospital Putrajaya,"excellent waiting, even better tvs",Hospital,0.765,Positive
Hospital Putrajaya,ok,Hospital,0.296,Neutral
Hospital Putrajaya,mom got sick allergic pharmacist gave wrong medicine frm doctor order,Doctor,-0.8225,Negative
Hospital Putrajaya,nurse friendly caring,Hospital,0.7506,Positive
Hospital Putrajaya,pls check slip medicine leave,Hospital,0.0258,Neutral
Hospital Putrajaya,"nmpk tmpt vaccine blah right, crk public parking",Hospital,-0.1027,Neutral
Hospital Putrajaya,kna byr,Hospital,0.0,Neutral
Hospital Putrajaya,parking lot go bwh,Hospital,0.0,Neutral
Hospital Putrajaya,tk yah double park sbb ml menapak,Hospital,0.0,Neutral
Hospital Putrajaya,tmpt tgu tuk amik cold vaccine,Hospital,0.0,Neutral
Hospital Putrajaya,"fill brg, amik vaccine, tgu 15 min lp tu blk",Hospital,0.0,Neutral
Hospital Putrajaya,everything ok vaccine awl2 msk syringe,Hospital,0.296,Neutral
Hospital Putrajaya,cost benefit (locals) 8/10: virtually free local outpatient treatment heavily subsidised inpatient treatment,Hospital,0.743,Positive
Hospital Putrajaya,cost benefit (fpp foreigners) 4/10: operate exactly like free hospital even fully paying patient,Hospital,0.8316,Positive
Hospital Putrajaya,"despite thru advertising, really get better service",Hospital,0.4902,Positive
Hospital Putrajaya,medical benchmark 7/10:,Hospital,0.0,Neutral
Hospital Putrajaya,waiting area 5/10: seems hospital wa designed cater third number patient doe care,Hospital,0.5423,Positive
Hospital Putrajaya,parking 3/10: inadequate badly planned,Hospital,-0.7003,Negative
Hospital Putrajaya,"nurses 8/10: considering undermanned, adequate job",Hospital,0.2263,Neutral
Hospital Putrajaya,doctors 7/10: could better prepared,Doctor,0.5859,Positive
Hospital Putrajaya,toilet 1/10: self respecting human enter,Hospital,0.4939,Positive
Hospital Putrajaya,"simplify affair others, god simplifies affair (maternity ward 2a) clean heart abuse people waiting worldly power",Hospital,-0.1027,Neutral
Hospital Putrajaya,service good,Hospital,0.4404,Positive
Hospital Putrajaya,unprofessional,Hospital,-0.5106,Negative
Hospital Putrajaya,woman want give birth treated like garbage,Hospital,0.4215,Positive
Hospital Putrajaya,appointment (ortho clink room 35- young female doctor),Doctor,0.0,Neutral
Hospital Putrajaya,doctor answered phone many time room,Doctor,0.0,Neutral
Hospital Putrajaya,conversation seemed like laughing friend,Hospital,0.836,Positive
Hospital Putrajaya,doctor walked office without telling u wa going,Doctor,0.0,Neutral
Hospital Putrajaya,"15 minute listening speak phone talking colleges, finally spoke u asked u x-ray",Hospital,0.0,Neutral
Hospital Putrajaya,explanation wa given,Hospital,0.0,Neutral
Hospital Putrajaya,"asking explanation, doctor wa happy: walked office called someone else explain u",Doctor,0.5719,Positive
Hospital Putrajaya,time,Hospital,0.0,Neutral
Hospital Putrajaya,"doctor never asked wa feeling, feel pain",Doctor,-0.5676,Negative
Hospital Putrajaya,asked question,Hospital,0.0,Neutral
Hospital Putrajaya,"felt wa treated clerk grocery store, doctor hospital",Doctor,0.0,Neutral
Hospital Putrajaya,"parking 1 hour , really frustrating",Hospital,-0.4927,Negative
Hospital Putrajaya,"dont understand system work here, gave 1 star base experience",Hospital,0.0,Neutral
Hospital Putrajaya,"came head trauma, think trauma blood ha dried enough name called",Doctor,-0.4939,Negative
Hospital Putrajaya,"makes wonder worse trauma, survive left dead",Hospital,-0.8807,Negative
Hospital Putrajaya,super slow,Hospital,0.5994,Positive
Hospital Putrajaya,"baby's temperature 38 ° c, er told go back monitor breathing indented near chest",Hospital,0.0,Neutral
Hospital Putrajaya,ckp hosp shah alam said 37,Hospital,0.0,Neutral
Hospital Putrajaya,"8, go new hosp check",Hospital,0.0,Neutral
Hospital Putrajaya,"doctors need '1st child, wonder know take care'",Doctor,0.4939,Positive
Hospital Putrajaya,hospital mule,Hospital,0.0,Neutral
Hospital Putrajaya,"coughed cold, go get treatment",Hospital,0.0,Neutral
Hospital Putrajaya,"dy ckp ""saturday sunday kite accept emergency case only"" father dy x de otak",Hospital,0.0,Neutral
Hospital Putrajaya,correct mcm treatment,Hospital,0.0,Neutral
Hospital Putrajaya,"young nurse make patient experimental material test ""reliability"" finding vein draw blood",Doctor,0.0,Neutral
Hospital Putrajaya,last2 failed well,Hospital,-0.296,Neutral
Hospital Putrajaya,patients inappropriate bruise,Hospital,0.0,Neutral
Hospital Putrajaya,ha nothing purpose coming,Hospital,0.34,Positive
Hospital Putrajaya,another patient's watch wa lost due irresponsible nurse wanted take blood,Hospital,-0.6369,Negative
Hospital Putrajaya,doctor said wa necessary,Doctor,0.0,Neutral
Hospital Putrajaya,come back claim lost watch,Hospital,-0.3182,Negative
Hospital Putrajaya,cost treatment high work non -government,Hospital,0.0,Neutral
Hospital Putrajaya,deposit paid full,Hospital,0.0,Neutral
Hospital Putrajaya,police action taken immediately element theft,Hospital,0.0,Neutral
Hospital Putrajaya,matter serious compromise,Hospital,-0.0516,Neutral
Hospital Putrajaya,management please note,Hospital,0.3182,Positive
Hospital Putrajaya,1,Hospital,0.0,Neutral
Hospital Putrajaya,bad operator x picked phone call 11,Hospital,-0.5423,Negative
Hospital Putrajaya,30am,Hospital,0.0,Neutral
Hospital Putrajaya,even though break time long,Hospital,0.0,Neutral
Hospital Putrajaya,grrr,Hospital,-0.1027,Neutral
Hospital Putrajaya,one worst hospital world incompetent pengarah specialist,Hospital,-0.802,Negative
Hospital Putrajaya,"medical officer planning work her, avoid cost",Hospital,-0.296,Neutral
Hospital Putrajaya,nora'i binti mohd said really incompetent doctor,Doctor,-0.5256,Negative
Hospital Putrajaya,specialist hospital care patient,Hospital,0.4939,Positive
Hospital Putrajaya,care blame something go wrong,Hospital,-0.3182,Negative
Hospital Putrajaya,especially o&g department,Hospital,0.0,Neutral
Hospital Putrajaya,"coming government hospital, must remembered member 6 7",Hospital,0.0,Neutral
Hospital Putrajaya,wa sick,Hospital,-0.5106,Negative
Hospital Putrajaya,checked hospital found tumor,Hospital,-0.3818,Negative
Hospital Putrajaya,stage 4 found,Hospital,0.0,Neutral
Hospital Putrajaya,perlis serdang,Hospital,0.0,Neutral
Hospital Putrajaya,al fatihah,Hospital,0.0,Neutral
Hospital Putrajaya,"sy fell motorcycle 1 week, endured chest pain",Hospital,-0.5106,Negative
Hospital Putrajaya,went hp buwt xray,Hospital,0.0,Neutral
Hospital Putrajaya,time doctor anney checkup white tent,Doctor,0.0,Neutral
Hospital Putrajaya,lp xray saw doctor anney outside hospital,Doctor,0.0,Neutral
Hospital Putrajaya,said xda apa2 tell go back rest,Hospital,0.0,Neutral
Hospital Putrajaya,sy went straight columbia hospital check wa crack 4 rib,Hospital,0.2263,Neutral
Hospital Putrajaya,call land line department answer phone call,Hospital,0.0,Neutral
Hospital Putrajaya,please improve customer service thanks,Hospital,0.7964,Positive
Hospital Putrajaya,relax bos,Hospital,0.4404,Positive
Hospital Putrajaya,time waiting number like goverment hospital,Hospital,0.4215,Positive
Hospital Putrajaya,pay like private hospital,Hospital,0.2732,Neutral
Hospital Putrajaya,totally unacceptable,Hospital,-0.5095,Negative
Hospital Putrajaya,"today came hospital putrajaya waited 4 hour counter7 hospital give appointment ten day later long time long , people die waiting",Hospital,-0.5994,Negative
Hospital Putrajaya,came covid test o&g 7am,Hospital,0.0,Neutral
Hospital Putrajaya,"called confirm, nurse said start 8am",Hospital,0.0,Neutral
Hospital Putrajaya,"ok, never mind, it’s bad calling earlier check",Hospital,0.6187,Positive
Hospital Putrajaya,"now, time show 9",Hospital,0.0,Neutral
Hospital Putrajaya,00am pic still haven’t start anything yet,Hospital,0.0,Neutral
Hospital Putrajaya,"reason being, there’s miss communication doctor charge",Doctor,-0.1531,Neutral
Hospital Putrajaya,disappointed,Hospital,-0.4767,Negative
Hospital Putrajaya,"""this hospital quite expensive, go hospital shah alam cheap",Hospital,0.0,Neutral
Hospital Putrajaya,"anyway, ward full transfer hospital",Hospital,0.0,Neutral
Hospital Putrajaya,"kajang serdang"" dr dalila sa'diah abd razak putra jaya hospital said pregnant wife send hospital wa bleeding",Doctor,0.0,Neutral
Hospital Putrajaya,rude harebrained behavior person supposed educated doctor,Doctor,-0.4588,Negative
Hospital Putrajaya,begging money pay bill,Hospital,-0.1027,Neutral
Hospital Putrajaya,hopefully hospital management would give course dr behave like one,Doctor,0.6369,Positive
Hospital Putrajaya,biggest regret life sending son hospital putrajaya,Hospital,-0.4215,Negative
Hospital Putrajaya,lost son due medical negligence hospital,Hospital,-0.3182,Negative
Hospital Putrajaya,"irresponsible nurse doctor take care him, fact, always ignored request even time chitchatting",Doctor,-0.25,Neutral
Hospital Putrajaya,medical negligence caused wound infection became festered,Hospital,0.0,Neutral
Hospital Putrajaya,big wound tortured every second heart stop beating,Hospital,-0.8316,Negative
Hospital Putrajaya,unforgivable pain lost family,Hospital,-0.6808,Negative
Kuala Lumpur General Hospital,mrt station,Hospital,0.0,Neutral
Kuala Lumpur General Hospital,good convenient,Hospital,0.4404,Positive
Kuala Lumpur General Hospital,next station titiwangsa,Hospital,0.0,Neutral
Kuala Lumpur General Hospital,side next station raja uda,Hospital,0.0,Neutral
Kuala Lumpur General Hospital,government hosp,Hospital,0.0,Neutral
Kuala Lumpur General Hospital,u expect,Hospital,0.0,Neutral
Kuala Lumpur General Hospital,service excellent,Hospital,0.5719,Positive
Kuala Lumpur General Hospital,thank u much frontliner,Hospital,0.3612,Positive
Kuala Lumpur General Hospital,parking u parking building bangunan bertingkat hosp tunku azizah,Hospital,0.0,Neutral
Kuala Lumpur General Hospital,u choose,Hospital,0.0,Neutral
Kuala Lumpur General Hospital,u banyak songeh g swasta jela,Hospital,0.0,Neutral
Kuala Lumpur General Hospital,thank,Hospital,0.3612,Positive
Kuala Lumpur General Hospital,doctor staff hkl,Doctor,0.0,Neutral
Kuala Lumpur General Hospital,good hospital 5 star rangking specialist doctor,Doctor,0.4404,Positive
Kuala Lumpur General Hospital,feeling like way turning hulk,Hospital,0.4588,Positive
Kuala Lumpur General Hospital,9,Hospital,0.0,Neutral
Kuala Lumpur General Hospital,30am til 12,Hospital,0.0,Neutral
Kuala Lumpur General Hospital,30pm waiting doctor,Doctor,0.0,Neutral
Kuala Lumpur General Hospital,tell,Hospital,0.0,Neutral
Kuala Lumpur General Hospital,-klinik neurology-,Hospital,0.0,Neutral
Kuala Lumpur General Hospital,"rude receptionist red zone emergency, poor listening skill said like people near die",Hospital,-0.8779,Negative
Kuala Lumpur General Hospital,i’m asking help medicine finish today need help yet said kind sentence,Hospital,0.8442,Positive
Kuala Lumpur General Hospital,"providing solution want show bad manner, bad ever receptionist met",Hospital,-0.6597,Negative
Kuala Lumpur General Hospital,good bless,Hospital,0.6908,Positive
Kuala Lumpur General Hospital,sleping wait dokter,Hospital,0.0,Neutral
Kuala Lumpur General Hospital,7,Hospital,0.0,Neutral
Kuala Lumpur General Hospital,25pm 11,Hospital,0.0,Neutral
Kuala Lumpur General Hospital,35 dokter cek,Hospital,0.0,Neutral
Kuala Lumpur General Hospital,3rd class customer service,Hospital,0.0,Neutral
Kuala Lumpur General Hospital,called hospital's number,Hospital,0.0772,Neutral
Kuala Lumpur General Hospital,told hospital local,Hospital,0.0,Neutral
Kuala Lumpur General Hospital,come hospital serve local,Hospital,0.0,Neutral
Kuala Lumpur General Hospital,may charge extra money,Hospital,0.0,Neutral
Kuala Lumpur General Hospital,that's fine,Hospital,0.2023,Neutral
Kuala Lumpur General Hospital,say hospital local,Hospital,0.0,Neutral
Kuala Lumpur General Hospital,really hospital local shame guy,Hospital,-0.5209,Negative
Kuala Lumpur General Hospital,want explanation customer seevice girl told hospital local,Hospital,0.0772,Neutral
Columbia Asia Hospital - Petaling Jaya,far good,Hospital,0.4404,Positive
Columbia Asia Hospital - Petaling Jaya,front office staff helpful friendly,Hospital,0.7184,Positive
Columbia Asia Hospital - Petaling Jaya,medical staff doctor patient answering question explaining procedure,Doctor,0.0,Neutral
Columbia Asia Hospital - Petaling Jaya,generally hospital environment comfortable hygienic,Hospital,0.5106,Positive
Columbia Asia Hospital - Petaling Jaya,though crowded visited saturday proper sops place,Hospital,0.0,Neutral
Columbia Asia Hospital - Petaling Jaya,coming hospital last 5 year,Hospital,0.0,Neutral
Columbia Asia Hospital - Petaling Jaya,prenatal care birth 3rd child surgery arm dislocation,Hospital,0.4939,Positive
Columbia Asia Hospital - Petaling Jaya,"staffs, nurse doctor really caring professional",Doctor,0.5413,Positive
Columbia Asia Hospital - Petaling Jaya,consistent calmness hospital patient care priority fully seen felt,Hospital,0.7096,Positive
Columbia Asia Hospital - Petaling Jaya,procedures fully explained well risk involved recovery plan wa also given knew wa getting manage expectation,Hospital,0.0038,Neutral
Columbia Asia Hospital - Petaling Jaya,"complaints, would columbia asia hospital app centralised",Hospital,-0.4019,Negative
Columbia Asia Hospital - Petaling Jaya,record scan done wa hospitalized,Hospital,0.0,Neutral
Columbia Asia Hospital - Petaling Jaya,columbia asia hospital klang can't downloaded even current orthopaedic cah pj ha access well,Hospital,0.5423,Positive
Columbia Asia Hospital - Petaling Jaya,"meant lug big envelope containint report, xrays scan went consult dr pj",Doctor,0.0,Neutral
Columbia Asia Hospital - Petaling Jaya,nice people,Hospital,0.4215,Positive
Columbia Asia Hospital - Petaling Jaya,treatment well explained experienced doctor & nurse dedicated friendly,Doctor,0.8074,Positive
Columbia Asia Hospital - Petaling Jaya,"all, service & patient’s welfare wa wonderful",Hospital,0.5719,Positive
Columbia Asia Hospital - Petaling Jaya,first time wa satisfied service cleanliness outpatient area,Hospital,0.4215,Positive
Columbia Asia Hospital - Petaling Jaya,easy get parking,Hospital,0.4404,Positive
Columbia Asia Hospital - Petaling Jaya,social distancing sticker sign put easy spot,Hospital,0.4404,Positive
Columbia Asia Hospital - Petaling Jaya,attend one free online seminar feeding solid baby well birth,Hospital,0.7184,Positive
Columbia Asia Hospital - Petaling Jaya,informative session speaker,Hospital,0.0,Neutral
Columbia Asia Hospital - Petaling Jaya,hope session future useful especially 1st time parent,Hospital,0.7003,Positive
Columbia Asia Hospital - Petaling Jaya,keep,Hospital,0.0,Neutral
Columbia Asia Hospital - Petaling Jaya,nice seminar information gaven,Hospital,0.4215,Positive
Columbia Asia Hospital - Petaling Jaya,good sharing session,Hospital,0.6908,Positive
Columbia Asia Hospital - Petaling Jaya,clean comfortable hospital,Hospital,0.7184,Positive
Columbia Asia Hospital - Petaling Jaya,"nice, clean, efficient operating hospital full facility",Hospital,0.8074,Positive
Columbia Asia Hospital - Petaling Jaya,pleasant nice experience,Hospital,0.7269,Positive
Columbia Asia Hospital - Petaling Jaya,hospital look comfortable clean,Hospital,0.7184,Positive
Columbia Asia Hospital - Petaling Jaya,nurse accomodating,Hospital,0.0,Neutral
Columbia Asia Hospital - Petaling Jaya,pyisio team best team,Hospital,0.6369,Positive
Columbia Asia Hospital - Petaling Jaya,excellent,Hospital,0.5719,Positive
Columbia Asia Hospital - Petaling Jaya,fasiliti clean,Hospital,0.4019,Positive
Columbia Asia Hospital - Petaling Jaya,fast check,Hospital,0.0,Neutral
Columbia Asia Hospital - Petaling Jaya,good customer service,Hospital,0.4404,Positive
Columbia Asia Hospital - Petaling Jaya,like facility,Hospital,0.3612,Positive
Columbia Asia Hospital - Petaling Jaya,great service,Hospital,0.6249,Positive
Columbia Asia Hospital - Petaling Jaya,good service laboratory department great consultation,Hospital,0.7906,Positive
Columbia Asia Hospital - Petaling Jaya,went see dr andy (gastroenterologist) dr beena (gynaecology),Doctor,0.0,Neutral
Columbia Asia Hospital - Petaling Jaya,doctor knowledgeable helpful,Doctor,0.4215,Positive
Columbia Asia Hospital - Petaling Jaya,beyond expectation,Hospital,0.0,Neutral
Columbia Asia Hospital - Petaling Jaya,fully recommend anyone go hospital,Hospital,0.4201,Positive
Columbia Asia Hospital - Petaling Jaya,good experience appointment hospital short waiting time good sop drs & nurse attentive,Doctor,0.7003,Positive
Columbia Asia Hospital - Petaling Jaya,appreciate hospital breastfeeding friendly nursing room facility,Hospital,0.7096,Positive
Columbia Asia Hospital - Petaling Jaya,suggest provide facility cater increased number mother & baby,Hospital,0.34,Positive
Columbia Asia Hospital - Petaling Jaya,great service,Hospital,0.6249,Positive
Columbia Asia Hospital - Petaling Jaya,quick flow,Hospital,0.0,Neutral
Columbia Asia Hospital - Petaling Jaya,"medical check, got 745am l",Hospital,0.0,Neutral
Columbia Asia Hospital - Petaling Jaya,covid test necessary test (include stress test) 1045am i’m done,Hospital,-0.4215,Negative
Columbia Asia Hospital - Petaling Jaya,great doc n nurse,Hospital,0.6249,Positive
Columbia Asia Hospital - Petaling Jaya,thanks,Hospital,0.4404,Positive
Columbia Asia Hospital - Petaling Jaya,first time,Hospital,0.0,Neutral
Columbia Asia Hospital - Petaling Jaya,came basic health screening package,Hospital,0.0,Neutral
Columbia Asia Hospital - Petaling Jaya,think package price wa reasonable v private hospital,Hospital,0.0,Neutral
Columbia Asia Hospital - Petaling Jaya,"also efficient fast tests, staff nice polite",Hospital,0.6808,Positive
Columbia Asia Hospital - Petaling Jaya,food cafe reasonably priced,Hospital,0.0,Neutral
Columbia Asia Hospital - Petaling Jaya,overall good experience,Hospital,0.4404,Positive
Columbia Asia Hospital - Petaling Jaya,pediatrician - dr bheena,Doctor,0.0,Neutral
Columbia Asia Hospital - Petaling Jaya,- describe,Hospital,0.0,Neutral
Columbia Asia Hospital - Petaling Jaya,met year 2017 conceived 1st boy,Hospital,0.0,Neutral
Columbia Asia Hospital - Petaling Jaya,full patient first spotting pregnancy 2 month,Hospital,0.0,Neutral
Columbia Asia Hospital - Petaling Jaya,willingly share personally number without asking,Hospital,0.3612,Positive
Columbia Asia Hospital - Petaling Jaya,10 month pregnancy inquiry texted respond fast,Hospital,0.0,Neutral
Columbia Asia Hospital - Petaling Jaya,good dr,Doctor,0.4404,Positive
Columbia Asia Hospital - Petaling Jaya,exceptional service,Hospital,0.0,Neutral
Columbia Asia Hospital - Petaling Jaya,whole family service nearest hospital near house,Hospital,0.0,Neutral
Columbia Asia Hospital - Petaling Jaya,"convenient, safe, clean, respectful staff reputable doctor",Doctor,0.8225,Positive
Columbia Asia Hospital - Petaling Jaya,expecting 2nd baby soon ob pedia consultant first born child,Hospital,0.0,Neutral
Columbia Asia Hospital - Petaling Jaya,love,Hospital,0.6369,Positive
Columbia Asia Hospital - Petaling Jaya,would like give 10 star hospital,Hospital,0.3612,Positive
Columbia Asia Hospital - Petaling Jaya,"people met (start guard, canteen, admission counter) polite, warm helpful",Hospital,0.5719,Positive
Columbia Asia Hospital - Petaling Jaya,good hospital recommend pj folk,Hospital,0.6597,Positive
Columbia Asia Hospital - Petaling Jaya,attended dr bheena nurse respectful explain detail,Doctor,0.4588,Positive
Columbia Asia Hospital - Petaling Jaya,nurse also seem calm experience,Hospital,0.3182,Positive
Columbia Asia Hospital - Petaling Jaya,thank,Hospital,0.3612,Positive
Columbia Asia Hospital - Petaling Jaya,comfy cozy environment,Hospital,0.0,Neutral
Columbia Asia Hospital - Petaling Jaya,helpful front desk courteous staff follow sop enter pandemic,Hospital,0.7269,Positive
Columbia Asia Hospital - Petaling Jaya,convenient neighbourhood hospital pj,Hospital,0.0,Neutral
Columbia Asia Hospital - Petaling Jaya,plenty carpark easy access,Hospital,0.4404,Positive
Columbia Asia Hospital - Petaling Jaya,surprisingly good hospital,Hospital,0.6249,Positive
Columbia Asia Hospital - Petaling Jaya,"location near house, price reasonably cheaper compared private hospital",Hospital,0.0,Neutral
Columbia Asia Hospital - Petaling Jaya,doctors personally think really good,Doctor,0.4927,Positive
Columbia Asia Hospital - Petaling Jaya,used go another hospital around damansara area experienced bad service doctors,Doctor,-0.5423,Negative
Columbia Asia Hospital - Petaling Jaya,yeah one doctor,Doctor,0.296,Neutral
Columbia Asia Hospital - Petaling Jaya,"overall, whole family regular hospital",Hospital,0.0,Neutral
Columbia Asia Hospital - Petaling Jaya,"overall experience ha great, safe genuine concern u every process undertaken, medical test financial matter",Hospital,0.8591,Positive
Columbia Asia Hospital - Petaling Jaya,swift follow ups nurse comforting care doctor alike,Doctor,0.7717,Positive
Columbia Asia Hospital - Petaling Jaya,front office security always ha great warmth attentiveness,Hospital,0.8979,Positive
Columbia Asia Hospital - Petaling Jaya,well done,Hospital,0.2732,Neutral
Columbia Asia Hospital - Petaling Jaya,parking improved,Hospital,0.4767,Positive
Columbia Asia Hospital - Petaling Jaya,"wonderful service, friendly nurses, doctor great (have seen 3 doctor far)",Doctor,0.9001,Positive
Columbia Asia Hospital - Petaling Jaya,almost always smooth process u registration end,Hospital,0.0,Neutral
Columbia Asia Hospital - Petaling Jaya,recommended many people doctor,Doctor,0.2023,Neutral
Columbia Asia Hospital - Petaling Jaya,"one minor hiccup, big deal, appointment reminder time change sm notification send u ha time stamp, date",Hospital,0.34,Positive
Columbia Asia Hospital - Petaling Jaya,sometimes bit difficult tell unless record appointment timing,Hospital,-0.3612,Negative
Columbia Asia Hospital - Petaling Jaya,environment relaxing enough waiting result,Hospital,0.4939,Positive
Columbia Asia Hospital - Petaling Jaya,"front desk people helpful, nurse well",Hospital,0.5994,Positive
Columbia Asia Hospital - Petaling Jaya,"even mask on, feel smile face",Hospital,0.3612,Positive
Columbia Asia Hospital - Petaling Jaya,"second time daughter wa admitted hospital doctors, namely dr shalini dr chong patient caring diligent care",Doctor,0.7783,Positive
Columbia Asia Hospital - Petaling Jaya,operation wa successful post op care wa excellent,Hospital,0.8934,Positive
Columbia Asia Hospital - Petaling Jaya,"also really thankful nurse attention detail, gentleness caring heart",Hospital,0.8016,Positive
Columbia Asia Hospital - Petaling Jaya,first medical check columbia hospital pj,Hospital,0.0,Neutral
Columbia Asia Hospital - Petaling Jaya,also first pre employment checkup first full time job,Hospital,0.0,Neutral
Columbia Asia Hospital - Petaling Jaya,memorable experience,Hospital,0.0,Neutral
Columbia Asia Hospital - Petaling Jaya,overall 500 ️ star experience,Hospital,0.0,Neutral
Columbia Asia Hospital - Petaling Jaya,"fast, effective warm care",Hospital,0.802,Positive
Columbia Asia Hospital - Petaling Jaya,specially thank dr lim sheau ing entire health screening team 11 september 2021 morning,Doctor,0.3612,Positive
Columbia Asia Hospital - Petaling Jaya,made appointment phone call,Hospital,0.0,Neutral
Columbia Asia Hospital - Petaling Jaya,"effective, patient warm personnel (armin wrong )  immediately received appointment confirmation message respective doctor’s name also reminder message day appointment",Doctor,0.5719,Positive
Columbia Asia Hospital - Petaling Jaya,*girl tip don’t come medical check menstruating urine feme inaccurate,Hospital,0.0,Neutral
Columbia Asia Hospital - Petaling Jaya,specially thank dr lim sheau ing professional consultation,Doctor,0.3612,Positive
Columbia Asia Hospital - Petaling Jaya,"thoughtful, understanding caring doctor go extra mile patientthank dr lim went extra mile make sure wa well informed regarding report getting proper treatment",Doctor,0.8481,Positive
Columbia Asia Hospital - Petaling Jaya,kind doctor beautiful inside,Doctor,0.8074,Positive
Columbia Asia Hospital - Petaling Jaya,special thank dr lim entire health screening team 11 september 2021 morning,Doctor,0.6369,Positive
Columbia Asia Hospital - Petaling Jaya,received sweet morning greeting smile everyone,Hospital,0.7964,Positive
Columbia Asia Hospital - Petaling Jaya,"nurse took height weight wa cute, radiologist wa nice, explained procedure also asked need assistance unknot gown lady nurse",Hospital,0.7003,Positive
Columbia Asia Hospital - Petaling Jaya,lab technician wa patient asked urine volume wa sufficient,Hospital,0.0,Neutral
Columbia Asia Hospital - Petaling Jaya,"big thank phlebotomist, kannan ️who drew blood, wa painful",Doctor,-0.1027,Neutral
Columbia Asia Hospital - Petaling Jaya,wa scared well,Hospital,-0.2023,Neutral
Columbia Asia Hospital - Petaling Jaya,thank kannan,Hospital,0.3612,Positive
Columbia Asia Hospital - Petaling Jaya,amazing skill,Hospital,0.5859,Positive
Columbia Asia Hospital - Petaling Jaya,receptionist (chinese lady) wa kind ask waiting someone pick,Hospital,0.5267,Positive
Columbia Asia Hospital - Petaling Jaya,even bid good bye asked take care,Hospital,0.7269,Positive
Columbia Asia Hospital - Petaling Jaya,awww  thank hero heroine blessed care,Hospital,0.9509,Positive
Columbia Asia Hospital - Petaling Jaya,stay safe take care,Hospital,0.7269,Positive
Columbia Asia Hospital - Petaling Jaya,thank risking life u day day,Hospital,0.0516,Neutral
Columbia Asia Hospital - Petaling Jaya,"frontline worker like deserve respect, encouragement praise",Hospital,0.9001,Positive
Columbia Asia Hospital - Petaling Jaya,thank,Hospital,0.3612,Positive
Columbia Asia Hospital - Petaling Jaya,little suggestion regarding self ticketing system get number,Hospital,0.0772,Neutral
Columbia Asia Hospital - Petaling Jaya,elderly patient weren’t aware get number registration waited time,Hospital,0.0772,Neutral
Columbia Asia Hospital - Petaling Jaya,realized saw u getting number,Hospital,0.0772,Neutral
Columbia Asia Hospital - Petaling Jaya,thank columbia hospital pj,Hospital,0.3612,Positive
Columbia Asia Hospital - Petaling Jaya,dato dr ho good care patient,Doctor,0.7269,Positive
Columbia Asia Hospital - Petaling Jaya,overall facility service good,Hospital,0.4404,Positive
Columbia Asia Hospital - Petaling Jaya,accident 2 went hospital emergency department,Hospital,-0.6908,Negative
Columbia Asia Hospital - Petaling Jaya,service reminds hospital us,Hospital,0.0,Neutral
Columbia Asia Hospital - Petaling Jaya,nurse doctor friendly,Doctor,0.4939,Positive
Columbia Asia Hospital - Petaling Jaya,room wa clean,Hospital,0.4019,Positive
Columbia Asia Hospital - Petaling Jaya,mention food,Hospital,0.0,Neutral
Columbia Asia Hospital - Petaling Jaya,thought hospital food bad guess,Hospital,-0.5423,Negative
Columbia Asia Hospital - Petaling Jaya,staff friendly helpful,Hospital,0.7184,Positive
Columbia Asia Hospital - Petaling Jaya,impressed care service,Hospital,0.743,Positive
Columbia Asia Hospital - Petaling Jaya,good job,Hospital,0.4404,Positive
Columbia Asia Hospital - Petaling Jaya,webinar arranged columbia hospital antenatal issue veryyyyy useful first time mommy like,Hospital,0.6597,Positive
Columbia Asia Hospital - Petaling Jaya,good presentation,Hospital,0.4404,Positive
Columbia Asia Hospital - Petaling Jaya,overall good experience hospital,Hospital,0.4404,Positive
Columbia Asia Hospital - Petaling Jaya,come health screening service consult dr lim,Doctor,0.0,Neutral
Columbia Asia Hospital - Petaling Jaya,staff following sop,Hospital,0.0,Neutral
Columbia Asia Hospital - Petaling Jaya,nice experience hospital,Hospital,0.4215,Positive
Columbia Asia Hospital - Petaling Jaya,health personnel staff friendly ready assist time,Hospital,0.6908,Positive
Columbia Asia Hospital - Petaling Jaya,clean nice environment adhering sop time covid-19 especially,Hospital,0.6705,Positive
Columbia Asia Hospital - Petaling Jaya,"staff friendly, environment clean well sanitised",Hospital,0.7906,Positive
Columbia Asia Hospital - Petaling Jaya,feel quite safe see doctor,Doctor,0.4927,Positive
Columbia Asia Hospital - Petaling Jaya,"overall, good experience",Hospital,0.4404,Positive
Columbia Asia Hospital - Petaling Jaya,"fast service, easy access, comfortable wait",Hospital,0.7351,Positive
Columbia Asia Hospital - Petaling Jaya,doctors nurses helpful accommodating,Doctor,0.4215,Positive
Columbia Asia Hospital - Petaling Jaya,hospital premise kept clean,Hospital,0.4019,Positive
Columbia Asia Hospital - Petaling Jaya,"comfortable, clean environment, friendly helpful staff",Hospital,0.9001,Positive
Columbia Asia Hospital - Petaling Jaya,columbia asia pj first choice private hospital,Hospital,0.0,Neutral
Columbia Asia Hospital - Petaling Jaya,staff caring polite,Hospital,0.4939,Positive
Columbia Asia Hospital - Petaling Jaya,wa accompany wife see ob-gyn,Hospital,0.0,Neutral
Columbia Asia Hospital - Petaling Jaya,see reputable doctor well,Doctor,0.2732,Neutral
Columbia Asia Hospital - Petaling Jaya,hospital big ok neighbourhood kind hospital,Hospital,0.6808,Positive
Columbia Asia Hospital - Petaling Jaya,"looking le crowded hospital, consider",Hospital,0.0,Neutral
Columbia Asia Hospital - Petaling Jaya,perfect place warded also treated outpatient,Hospital,0.5719,Positive
Columbia Asia Hospital - Petaling Jaya,environment wa calm pleasant,Hospital,0.6808,Positive
Columbia Asia Hospital - Petaling Jaya,nurse doctor also helpful sociable,Doctor,0.6908,Positive
Columbia Asia Hospital - Petaling Jaya,place clean,Hospital,0.4019,Positive
Columbia Asia Hospital - Petaling Jaya,nurses doctor friendly,Doctor,0.4939,Positive
Columbia Asia Hospital - Petaling Jaya,good hospitality,Hospital,0.4404,Positive
Columbia Asia Hospital - Petaling Jaya,columbia asia pj clean hospital plenty good doctor,Doctor,0.6808,Positive
Columbia Asia Hospital - Petaling Jaya,using hospital year find service satisfactory,Hospital,0.3612,Positive
Columbia Asia Hospital - Petaling Jaya,"love location close heart pj bordering kl area ttdi, hartamas, damansara heights bangsar",Hospital,0.6369,Positive
Columbia Asia Hospital - Petaling Jaya,"dr bheena 5 stars, hospital service 3 star",Doctor,0.0,Neutral
Columbia Asia Hospital - Petaling Jaya,prior covid experienced poor attitude customer service staff (2018),Hospital,-0.4767,Negative
Columbia Asia Hospital - Petaling Jaya,"covid, seems experience going parking lobby could improved",Hospital,0.4939,Positive
Columbia Asia Hospital - Petaling Jaya,need walk locked door see direction go,Hospital,0.0,Neutral
Columbia Asia Hospital - Petaling Jaya,"ideally, would signage, visible distance, posted everywhere, would direct visitor straight one open basement entrance",Hospital,0.5719,Positive
Columbia Asia Hospital - Petaling Jaya,good service,Hospital,0.4404,Positive
Columbia Asia Hospital - Petaling Jaya,"coming columbia asia hospital, petaling jaya 8 month",Hospital,0.0,Neutral
Columbia Asia Hospital - Petaling Jaya,staff courteous polite,Hospital,0.5106,Positive
Columbia Asia Hospital - Petaling Jaya,"consulting drbheena vyshali, sweet attentive even small change test follow everything",Doctor,0.4588,Positive
Columbia Asia Hospital - Petaling Jaya,overall experience good till,Hospital,0.4404,Positive
Columbia Asia Hospital - Petaling Jaya,never recommend anyone who’s looking get help specific problem,Hospital,-0.2755,Neutral
Columbia Asia Hospital - Petaling Jaya,"here, you’ll treated many hour later wait day",Hospital,0.0,Neutral
Columbia Asia Hospital - Petaling Jaya,"i’ve spent money rm600+ blood test, additional rm300 covid test (although i’ve tested negative pcr test elsewhere)",Hospital,-0.5719,Negative
Columbia Asia Hospital - Petaling Jaya,"unable diagnose, recommended antibiotics, mri scan (to stay overnight)",Hospital,0.2023,Neutral
Columbia Asia Hospital - Petaling Jaya,"took scan morning, result good",Hospital,0.4404,Positive
Columbia Asia Hospital - Petaling Jaya,"i’ve waiting speak doctor, seen last night morning scan",Doctor,0.0,Neutral
Columbia Asia Hospital - Petaling Jaya,waited whole afternoon i’m still waiting discharge,Hospital,0.0,Neutral
